{
  "len200_count1000": {
    "seq_length": 200,
    "seq_count": 1000,
    "runtimes": [
      1.1442702290000852
    ],
    "mean": 1.1442702290000852,
    "median": 1.1442702290000852
  },
  "len200_count1778": {
    "seq_length": 200,
    "seq_count": 1778,
    "runtimes": [
      1.2817789400000947
    ],
    "mean": 1.2817789400000947,
    "median": 1.2817789400000947
  },
  "len200_count3162": {
    "seq_length": 200,
    "seq_count": 3162,
    "runtimes": [
      1.5036115150001024
    ],
    "mean": 1.5036115150001024,
    "median": 1.5036115150001024
  },
  "len200_count5623": {
    "seq_length": 200,
    "seq_count": 5623,
    "runtimes": [
      1.8990549050001846
    ],
    "mean": 1.8990549050001846,
    "median": 1.8990549050001846
  }
}