{
  "len100_count10000": {
    "seq_length": 100,
    "seq_count": 10000,
    "runtimes": [
      0.8426749710006334
    ],
    "mean": 0.8426749710006334,
    "median": 0.8426749710006334
  }
}