{
  "len200_count1000": {
    "seq_length": 200,
    "seq_count": 1000,
    "runtimes": [
      1.081744007999987
    ],
    "mean": 1.081744007999987,
    "median": 1.081744007999987
  },
  "len200_count1778": {
    "seq_length": 200,
    "seq_count": 1778,
    "runtimes": [
      1.3099778979999428
    ],
    "mean": 1.3099778979999428,
    "median": 1.3099778979999428
  },
  "len200_count3162": {
    "seq_length": 200,
    "seq_count": 3162,
    "runtimes": [
      1.6167087159999483
    ],
    "mean": 1.6167087159999483,
    "median": 1.6167087159999483
  },
  "len200_count5623": {
    "seq_length": 200,
    "seq_count": 5623,
    "runtimes": [
      1.8885365460000685
    ],
    "mean": 1.8885365460000685,
    "median": 1.8885365460000685
  },
  "len200_count10000": {
    "seq_length": 200,
    "seq_count": 10000,
    "runtimes": [
      2.0986793719998786
    ],
    "mean": 2.0986793719998786,
    "median": 2.0986793719998786
  }
}